[
    {
        "id": 1,
        "title": "Los Clásicos de Atari que Debes Conocer",
        "intro": "Una mirada a los juegos más icónicos de Atari que definieron una era.",
        "category": "videojuegos",
        "content": "<p>Atari fue una de las primeras empresas en popularizar los videojuegos, y sus títulos aún son recordados con cariño. Juegos como <strong>Pong</strong> y <strong>Space Invaders</strong> se convirtieron en clásicos de la cultura popular. Hoy en día, estos juegos no solo son reliquias de un pasado glorioso, sino una fuente de inspiración para los desarrolladores modernos.</p><p><em>Space Invaders</em> fue uno de los primeros juegos en implementar la dificultad progresiva, mientras que <em>Pong</em> nos mostró lo simple y adictivo que un juego puede ser. Jugar estos títulos es como hacer un viaje en el tiempo a los comienzos de la industria del videojuego.</p><h4>Principales juegos de Atari:</h4><ul><li><a href='https://es.wikipedia.org/wiki/Pong' target='_blank'>Pong</a>: Un juego de tenis de mesa simple y adictivo.</li><li><a href='https://es.wikipedia.org/wiki/Space_Invaders' target='_blank'>Space Invaders</a>: Uno de los primeros juegos de disparos de la historia.</li><li><a href='https://es.wikipedia.org/wiki/Asteroids' target='_blank'>Asteroids</a>: Un juego de arcade en el que debes destruir asteroides.</li></ul><blockquote>Atari fue más que una empresa; fue un movimiento cultural que definió a una generación de jugadores. Sin Atari, la historia de los videojuegos habría sido muy distinta.</blockquote><p>Estos juegos, aunque básicos para los estándares actuales, siguen siendo jugados por entusiastas y desarrolladores que buscan comprender los principios básicos de los videojuegos.</p><h4>Documental sobre Atari:</h4><iframe width='560' height='315' src='https://www.youtube.com/embed/QbONGuQhD1k' title='Documental sobre Atari' frameborder='0' allow='accelerometer; autoplay; clipboard-write; encrypted-media; gyroscope; picture-in-picture' allowfullscreen></iframe><p>Muchos consideran que <strong>Atari</strong> también cambió el diseño de hardware. Aquí tienes una imagen de la consola Atari 2600:</p><img src='https://upload.wikimedia.org/wikipedia/commons/d/de/Atari-2600-Console.jpg' alt='Consola Atari 2600' width='400'><p>Es innegable que Atari sentó las bases de la industria moderna del videojuego. Desde el diseño de juegos simples hasta la innovación en la jugabilidad, esta empresa sigue siendo una inspiración para todos los creadores.</p>",
        "image": "https://picsum.photos/800/400?random=1",
        "thumbnail": "https://picsum.photos/200/200?random=1"
    },
    {
        "id": 2,
        "title": "Ordenadores de los 80: Un Vistazo a la Historia",
        "intro": "Exploramos los ordenadores personales que dieron inicio a la revolución informática.",
        "category": "ordenadores",
        "content": "<p>Los años 80 fueron testigos del auge de los ordenadores personales. Con la llegada de dispositivos como el <strong>Commodore 64</strong> y el <strong>Spectrum ZX</strong>, millones de hogares tuvieron su primer contacto con la informática. Estos ordenadores no solo permitían realizar tareas básicas, sino que también eran capaces de ejecutar videojuegos.</p><p>Muchos usuarios recuerdan con nostalgia aquellas horas de programación en <em>BASIC</em> o los primeros juegos de texto que simulaban aventuras. Estos ordenadores cambiaron la manera en la que la sociedad veía la tecnología.</p><p>La variedad de software disponible en estas plataformas era impresionante para la época. Desde programas de dibujo hasta aplicaciones de contabilidad, el <strong>Commodore 64</strong> y el <strong>Spectrum ZX</strong> demostraron que la informática personal era una herramienta versátil, tanto para el entretenimiento como para la educación. A través de revistas y manuales, muchos aprendieron a programar y crear sus propios proyectos en casa.</p><p>Los juegos también se convirtieron en una parte esencial de la experiencia. Con títulos como <em>Manic Miner</em> y <em>Elite</em>, estos sistemas nos mostraron que los videojuegos podían ofrecer mundos completos y experiencias inmersivas, aunque fuera con gráficos muy básicos.</p><h4>Explora más sobre los ordenadores de los 80 en este video:</h4><iframe width='560' height='315' src='https://www.youtube.com/embed/K1vkBUf5xnY' title='Documental sobre ordenadores de los 80' frameborder='0' allow='accelerometer; autoplay; clipboard-write; encrypted-media; gyroscope; picture-in-picture' allowfullscreen></iframe><p>A día de hoy, el <strong>Commodore 64</strong> y el <strong>Spectrum ZX</strong> son piezas de colección que despiertan la pasión de los entusiastas retro. Su legado sigue vivo, y es común ver a desarrolladores actuales lanzar juegos y herramientas para estos sistemas clásicos. La nostalgia por estos dispositivos refleja el impacto que tuvieron en la evolución de la tecnología doméstica.</p>",
        "image": "https://picsum.photos/800/400?random=2",
        "thumbnail": "https://picsum.photos/200/200?random=2"
    },
    {
        "id": 3,
        "title": "Los Mejores Juegos de Nintendo NES",
        "intro": "Un repaso a los títulos más queridos de la consola NES.",
        "category": "consolas",
        "content": "<p>La <strong>Nintendo Entertainment System (NES)</strong> revolucionó la industria del videojuego en los años 80. Algunos de sus títulos, como <em>Super Mario Bros.</em>, <em>The Legend of Zelda</em>, y <em>Metroid</em>, se convirtieron en clásicos instantáneos. Cada uno de estos juegos ofrecía algo único que ayudó a cimentar la reputación de Nintendo.</p><p><strong>Super Mario Bros.</strong> redefinió los juegos de plataformas, <strong>The Legend of Zelda</strong> introdujo un mundo abierto antes de que este concepto fuera común, y <strong>Metroid</strong> ofreció una atmósfera de ciencia ficción en 2D que cautivó a los jugadores.</p><h4>Explora más sobre la NES en este video:</h4><iframe width='560' height='315' src='https://www.youtube.com/embed/YzYCPoYKLmI' title='Historia de la NES' frameborder='0' allow='accelerometer; autoplay; clipboard-write; encrypted-media; gyroscope; picture-in-picture' allowfullscreen></iframe><p>Gracias a su gran catálogo de juegos y a la innovación que introdujo en la jugabilidad, la NES sigue siendo una de las consolas más queridas de todos los tiempos. Su influencia se siente en los juegos actuales, y muchos de sus títulos continúan disponibles en las consolas modernas de Nintendo.</p>",
        "image": "https://picsum.photos/800/400?random=3",
        "thumbnail": "https://picsum.photos/200/200?random=3"
    },
    {
        "id": 4,
        "title": "Amiga 500: El Ordenador Revolucionario de Commodore",
        "intro": "El Amiga 500 fue un ordenador adelantado a su tiempo.",
        "category": "ordenadores",
        "content": "<p>El <strong>Amiga 500</strong> de Commodore no solo era una máquina para trabajar; también se convirtió en una plataforma icónica para videojuegos. Su arquitectura avanzada permitió gráficos y sonidos de alta calidad para la época, transformando el Amiga en una plataforma deseada tanto por profesionales como por jugadores.</p><p>Con títulos como <em>Shadow of the Beast</em> y <em>Another World</em>, el Amiga se ganó un lugar en el corazón de los gamers. La calidad de los gráficos y el sonido eran incomparables en esos años.</p><img src='https://upload.wikimedia.org/wikipedia/commons/c/c3/Amiga500_system.jpg' alt='Commodore Amiga 500' width='400'><h4>Características técnicas del Amiga 500:</h4><table border='1' cellpadding='5' cellspacing='0'><tr><th>Especificación</th><th>Detalles</th></tr><tr><td>CPU</td><td>Motorola 68000 a 7.16 MHz</td></tr><tr><td>Memoria RAM</td><td>512 KB (expandible a 9 MB)</td></tr><tr><td>Gráficos</td><td>OCS (Original Chip Set) con 4096 colores</td></tr><tr><td>Sonido</td><td>Cuatro canales de audio estéreo de 8 bits</td></tr><tr><td>Almacenamiento</td><td>Unidad de disquete de 3.5 pulgadas</td></tr><tr><td>Sistema Operativo</td><td>AmigaOS 1.2</td></tr></table><p>El Amiga 500 fue una computadora pionera que definió una era, ofreciendo una capacidad multimedia sin precedentes en su época. Su legado sigue vivo entre los entusiastas de los ordenadores retro.</p>",
        "image": "https://picsum.photos/800/400?random=4",
        "thumbnail": "https://picsum.photos/200/200?random=4"
    },
    {
        "id": 5,
        "title": "¿Qué Hizo Único al Sega Mega Drive?",
        "intro": "Analizamos la consola que fue la mayor rival de Nintendo en los 90.",
        "category": "consolas",
        "content": "<p>La <strong>Sega Mega Drive</strong>, conocida como Genesis en Norteamérica, fue la consola que realmente compitió con Nintendo en los 90. Con su potente procesador, permitía gráficos más complejos y una experiencia de juego fluida. Títulos como <em>Sonic the Hedgehog</em> y <em>Streets of Rage</em> se convirtieron en juegos icónicos para esta consola.</p><p>Sega utilizó la velocidad de <strong>Sonic</strong> como estrategia de marketing para demostrar que su consola era superior en cuanto a rendimiento. La <em>Guerra de Consolas</em> entre Sega y Nintendo fue un momento histórico en la industria, caracterizado por campañas publicitarias agresivas y competencia directa. Nintendo, dominadora del mercado en los 80 con su NES, lanzó la Super Nintendo (SNES) en 1990. Sega respondió con una estrategia de diferenciación, destacando su catálogo de juegos más maduros y la potencia de su hardware. Este enfrentamiento incentivó a ambas compañías a mejorar continuamente sus consolas y juegos, generando un rápido avance en la calidad de los videojuegos y marcando una era de innovación en la industria.</p><h4>Top 10 juegos de Sega Mega Drive:</h4><ul><li>Sonic the Hedgehog</li><li>Streets of Rage 2</li><li>Phantasy Star IV</li><li>Gunstar Heroes</li><li>Castlevania: Bloodlines</li><li>Shining Force II</li><li>Earthworm Jim</li><li>ToeJam & Earl</li><li>Golden Axe</li><li>Altered Beast</li></ul><p>La Sega Mega Drive sigue siendo una de las consolas más queridas por los fans retro, y su legado vive a través de sus juegos icónicos y la influencia que tuvo en la cultura de los videojuegos.</p>",
        "image": "https://picsum.photos/800/400?random=5",
        "thumbnail": "https://picsum.photos/200/200?random=5"
    },
    {
        "id": 6,
        "title": "Los Mejores Juegos de PC en MS-DOS",
        "intro": "Una selección de los juegos que hicieron historia en los PCs de los 80 y 90.",
        "category": "videojuegos",
        "content": "<p>En los años 80 y 90, <strong>MS-DOS</strong> fue la plataforma principal de muchos juegos de PC. Desde aventuras gráficas como <em>The Secret of Monkey Island</em> hasta juegos de rol como <em>Ultima</em>, MS-DOS ofreció una variedad de géneros que cautivaron a los jugadores de la época.</p><p>Estos juegos requerían memorizar comandos, pero ofrecían experiencias inmersivas. Muchos jugadores pasaron horas explorando mundos de píxeles en sus ordenadores.</p><h4>Juegos icónicos en MS-DOS:</h4><ul><li><strong>The Secret of Monkey Island</strong>: Este juego de aventuras gráficas de LucasArts popularizó el género de point-and-click y es conocido por su humor y narrativa cautivadora.</li><li><strong>Ultima VI: The False Prophet</strong>: Uno de los primeros juegos de rol que ofrecía un mundo abierto, influenciando enormemente el desarrollo de los juegos de rol posteriores.</li><li><strong>Doom</strong>: Lanzado en 1993, este juego de disparos en primera persona revolucionó el género y se convirtió en un fenómeno de cultura pop, siendo pionero en el concepto de mods y juegos en red.</li></ul><iframe width='560' height='315' src='https://www.youtube.com/embed/q_LtYN5AaBY' title='Gameplay de MS-DOS: The Secret of Monkey Island'></iframe><iframe width='560' height='315' src='https://www.youtube.com/embed/aW2lZDBxeT0' title='Gameplay de MS-DOS: Doom'></iframe><p>La era de los juegos en MS-DOS dejó un impacto duradero, y muchos de estos títulos se consideran clásicos de la historia de los videojuegos.</p>",
        "image": "https://picsum.photos/800/400?random=6",
        "thumbnail": "https://picsum.photos/200/200?random=6"
    },
    {
        "id": 7,
        "title": "Macintosh 128K: La Revolución de Apple",
        "intro": "El primer ordenador de Apple que cambió el mundo de la informática personal.",
        "category": "ordenadores",
        "content": "<p>El <strong>Macintosh 128K</strong> fue el primer ordenador personal de Apple que incluía una interfaz gráfica y un ratón, marcando un antes y un después en la informática. Lanzado en 1984, su diseño compacto y su facilidad de uso hicieron que se convirtiera en un éxito instantáneo.</p><p>La publicidad y la visión de <em>Steve Jobs</em> ayudaron a establecer la marca Apple como sinónimo de innovación y creatividad.</p>",
        "image": "https://picsum.photos/800/400?random=7",
        "thumbnail": "https://picsum.photos/200/200?random=7"
    },
    {
        "id": 8,
        "title": "¿Recuerdas al NES Zapper? La Pistola de Nintendo",
        "intro": "Exploramos la tecnología detrás del icónico periférico NES Zapper.",
        "category": "videojuegos",
        "content": "<p>El <strong>NES Zapper</strong> fue uno de los primeros accesorios interactivos para una consola doméstica. Este periférico permitía a los jugadores disparar en pantalla en juegos como <em>Duck Hunt</em>, utilizando tecnología óptica innovadora para la época.</p><p>A pesar de sus limitaciones, el NES Zapper fue muy popular y es recordado con nostalgia. Su diseño y la precisión que ofrecía lo convirtieron en un accesorio muy deseado para los fanáticos de Nintendo.</p>",
        "image": "https://picsum.photos/800/400?random=8",
        "thumbnail": "https://picsum.photos/200/200?random=8"
    },
    {
        "id": 9,
        "title": "Ordenadores IBM y el Boom de los PCs",
        "intro": "Un repaso al impacto de IBM en el desarrollo de los ordenadores personales.",
        "category": "ordenadores",
        "content": "<p>IBM introdujo el <strong>IBM PC</strong> en 1981, y rápidamente se convirtió en el estándar de los ordenadores personales. Gracias a su arquitectura abierta, otros fabricantes podían construir clones compatibles, lo cual ayudó a popularizar los PCs y expandir el mercado rápidamente.</p><p>La marca IBM y sus innovaciones ayudaron a establecer un ecosistema de hardware y software que facilitó el crecimiento de la informática personal en el mundo.</p>",
        "image": "https://picsum.photos/800/400?random=9",
        "thumbnail": "https://picsum.photos/200/200?random=9"
    },
    {
        "id": 10,
        "title": "Game Boy: La Consola Portátil que Dominó el Mundo",
        "intro": "La historia de la primera consola portátil de Nintendo que marcó a una generación.",
        "category": "consolas",
"content": "<p>La <strong>Game Boy</strong> fue lanzada en 1989 y rápidamente se convirtió en un éxito mundial. Su diseño portátil y su bajo costo la hicieron accesible para millones de personas. <em>Tetris</em>, uno de los juegos más adictivos de todos los tiempos, fue un factor importante en su éxito.</p><p>La consola tuvo una duración increíble, con juegos icónicos como <strong>Pokémon</strong> que se mantuvieron populares hasta bien entrada la década de los 90. A lo largo de su vida, Game Boy nos dio una amplia gama de títulos que aún hoy se consideran clásicos.</p><h4>Juegos icónicos de Game Boy:</h4><ul>  <li><a href='https://es.wikipedia.org/wiki/Tetris' target='_blank'>Tetris</a> - El juego de rompecabezas que definió la consola.</li>  <li><a href='https://es.wikipedia.org/wiki/Pok%C3%A9mon_Rojo_y_Azul' target='_blank'>Pokémon Rojo y Azul</a> - Una aventura de captura de criaturas que se volvió un fenómeno mundial.</li>  <li><a href='https://es.wikipedia.org/wiki/The_Legend_of_Zelda:_Link%27s_Awakening' target='_blank'>The Legend of Zelda: Link's Awakening</a> - Un clásico de acción y aventura con una historia memorable.</li>  <li><a href='https://es.wikipedia.org/wiki/Super_Mario_Land' target='_blank'>Super Mario Land</a> - La primera aventura portátil de Mario.</li>  <li><a href='https://es.wikipedia.org/wiki/Metroid_II:_Return_of_Samus' target='_blank'>Metroid II: Return of Samus</a> - Una aventura de ciencia ficción que ampliaba la historia de Samus Aran.</li></ul><p>A continuación, algunas imágenes que capturan la esencia de esta legendaria consola:</p><img src='https://upload.wikimedia.org/wikipedia/commons/f/f4/Game-Boy-FL.jpg' alt='Game Boy Original' width='300'><img src='https://thekingofgrabs.files.wordpress.com/2018/05/legend-of-zelda-links-awakening-dx-game-boy-color-091.png' alt='Game Boy en uso' width='300'><p>La Game Boy es una de las consolas más recordadas de la historia y marcó un antes y un después en los juegos portátiles. Su legado sigue vivo, y muchos de sus juegos han sido relanzados en consolas modernas debido a su éxito perdurable.</p>",
        "image": "https://picsum.photos/800/400?random=10",
        "thumbnail": "https://picsum.photos/200/200?random=10"
    }
]
